Count of classes	Count of sentences	Measures
1000	10	123	27	20	60	17	22	26	6	6	7	10	5	6	5	3	5	5	3	6	4	4	3	3	4	9	3	3	2	2	8	3	2	2	2	2	4	2	2	5	3	2	2	2	2	2	1	2	2	2	2	3	3	3	3	3	3	3	3	4	6	5	3	3	3	3	3	4	7	3	3	3	3	3	5	3	3	3	3	2	2	3	3	4	3	2	2	3	2	3	3	2	3	2	2	2	6	2	2	2	2	2	2	5	3	2	2	3	2	3	2	2	2	2	3	2	2	2	3	2	2	2	2	2	3	4	3	6	2	2	2	2	2	2	2	2	2	2	2	2	2	2	2	2	2	2	2	2	2	2	2	2	2	2	2	2	2	2	2	2	2	2	2	2	2	2	2	2	6	1	1	2	2	2	2	2	2	1	2	2	1	1	2	2	2	2	2	2	2	4	2	8	2	1	1	2	1	1	1	1	1	2	1	2	1	2	2	1	1	1	1	1	2	1	1	1	1	1	1	1	1	1	1	1	1	1	1	1	2	2	1	2	1	2	1	1	1	1	1	2	9	1	2	2	2	1	2	2	4	3	1	1	4	2	2	2	7	1	2	1	1	1	1	1	3	1	1	1	1	1	2	1	1	1	1	2	1	2	1	1	1	1	1	1	1	1	1	1	1	1	1	1	1	1	1	1	1	1	1	1	1	1	1	1	1	1	1	1	1	1	1	1	1	1	1	1	1	1	1	1	1	1	1	1	1	7	2	0	0	0	1	0	0	0	1	0	0	1	0	1	0	0	0	0	0	0	0	1	0	0	0	0	1	0	0	1	1	1	0	2	0	0	0	0	1	0	0	0	0	2	1	0	0	0	2	0	0	0	2	0	0	1	0	2	7	1	1	1	0	0	1	1	1	1	1	1	1	1	1	1	0	0	0	0	0	0	0	0	0	0	0	0	0	0	0	0	0	0	0	0	0	0	0	0	0	0	0	0	0	0	0	0	0	0	0	0	0	0	0	0	0	0	0	0	0	0	0	0	0	0	0	0	0	0	0	0	0	0	0	0	1	1	1	0	0	0	0	0	0	0	0	0	0	0	0	0	0	0	0	0	0	0	0	0	0	0	0	0	0	0	0	0	0	0	0	0	0	0	0	0	0
1000	510	534	391	299	309	308	396	298	313	311	304	298	385	364	305	299	296	329	292	295	295	296	312	303	310	295	306	308	295	292	292	298	296	307	305	293	307	300	297	296	295	290	300	312	293	306	301	295	294	294	312	298	304	304	293	314	295	312	298	308	295	317	298	317	292	309	293	308	307	308	305	305	291	297	302	305	294	317	301	294	299	305	294	303	302	305	302	294	295	295	295	294	302	309	295	293	294	296	297	298	293	294	299	299	307	298	299	288	294	302	299	299	299	295	286	294	304	302	296	293	294	296	297	294	343	318	300	296	294	295	303	305	298	300	308	298	299	302	298	306	302	302	298	292	296	300	299	306	300	298	301	291	300	292	294	315	294	308	302	309	303	311	288	308	290	296	292	293	306	291	294	301	301	303	324	301	296	298	295	307	293	306	304	296	291	299	290	306	299	297	297	300	297	294	294	299	303	292	301	293	294	290	295	295	293	311	288	296	304	288	297	303	294	304	303	294	298	313	289	295	298	295	298	309	298	302	288	311	302	300	303	289	299	306	293	296	297	302	294	300	301	304	302	299	297	336	302	302	300	290	299	298	294	316	293	293	296	300	298	298	292	301	304	293	308	293	296	296	298	305	290	295	299	298	288	294	292	294	299	302	298	294	306	293	323	295	309	291	299	296	303	302	294	305	303	291	300	298	303	289	292	295	288	288	296	293	291	295	297	298	290	309	297	296	302	299	293	298	296	302	304	294	303	302	301	302	301	303	314	303	299	307	292	300	300	296	315	292	315	294	317	291	307	294	303	310	298	309	298	299	305	307	294	297	296	296	300	300	301	300	292	296	301	293	294	294	295	289	295	296	288	291	299	302	301	302	291	306	304	301	308	298	299	300	303	292	302	298	302	302	288	294	298	299	297	306	299	307	292	295	298	293	308	366	305	305	289	301	299	297	293	306	290	293	295	296	306	303	296	299	297	300	291	294	301	296	296	310	300	297	308	299	300	291	296	295	296	306	291	297	296	299	300	299	299	290	298	299	292	295	295	295	302	292	300	301	288	296	292	297	295	294	304	291	303	294	297	300	297	293	297	299	299	291	295	303	302	295	294	297	297	288	295	293	296	298	291	306	299	295	294	293	293	291	298	309	293	298	297	299	309
1000	1010	294	278	274	286	275	279	275	277	286	274	281	271	290	281	273	284	273	276	277	272	286	272	278	285	274	280	273	282	270	284	271	278	271	282	273	279	272	279	274	277	282	275	276	279	274	281	285	278	279	280	284	279	278	280	271	283	273	276	278	273	278	273	278	273	280	275	285	275	294	273	285	278	275	274	279	278	271	276	279	272	281	281	282	274	279	280	281	282	274	282	349	280	271	278	280	275	278	276	275	282	271	299	285	276	282	281	278	271	279	279	280	278	280	276	277	283	357	281	283	279	277	275	279	276	270	282	284	276	280	274	280	286	275	282	282	272	278	280	280	274	283	274	277	278	286	275	281	281	279	274	277	272	282	281	276	282	279	270	268	282	273	274	277	291	289	274	277	280	279	278	277	279	271	283	280	271	285	278	278	283	276	280	278	271	280	277	276	275	281	285	278	284	272	282	288	274	276	270	281	274	279	277	279	279	275	284	275	279	275	278	272	278	282	277	277	273	277	280	276	277	277	272	277	277	280	272	280	281	277	288	274	285	281	280	282	272	282	290	283	276	275	278	281	284	282	278	284	274	281	274	281	286	277	283	274	281	275	283	274	276	282	275	288	274	286	286	279	303	275	272	282	273	270	282	273	278	308	272	279	274	277	274	286	273	280	277	276	281	275	277	288	275	282	275	280	274	281	280	271	278	282	273	276	279	283	276	284	278	277	276	279	272	281	275	277	278	276	272	275	278	276	275	274	272	276	279	272	281	274	279	280	273	286	279	271	276	275	282	273	273	279	273	283	279	272	275	276	270	274	276	278	280	272	278	275	271	276	282	284	276	275	278	280	271	275	282	273	289	272	278	277	283	274	276	274	273	294	271	283	277	272	275	272	279	271	271	279	270	279	270	285	280	276	272	283	272	277	273	277	287	276	281	273	279	283	273	276	281	274	271	281	277	283	279	273	277	281	369	280	274	281	272	273	292	272	287	273	283	277	274	277	274	278	272	275	273	276	279	276	283	272	280	278	279	282	275	279	279	276	271	281	278	287	275	278	279	277	275	280	275	277	273	278	286	277	289	273	278	272	287	282	271	275	282	276	277	283	286	280	274	277	279	274	278	281	281	282	271	275	270	277	277	272	279	281	269	279	273	277	269
1000	1510	290	287	282	284	298	282	287	284	287	292	282	294	305	291	294	291	289	288	300	290	292	289	291	290	297	296	291	290	296	289	300	298	288	291	300	289	293	301	297	294	294	289	284	290	301	293	303	284	345	298	288	291	293	287	282	287	285	284	290	288	307	306	292	279	288	279	307	280	279	286	279	295	284	280	284	280	278	288	277	291	279	278	284	278	284	275	279	277	279	277	281	276	280	277	281	291	283	284	278	284	285	275	284	287	290	279	291	279	287	281	290	280	283	279	283	290	281	292	284	284	281	286	291	280	301	278	280	287	285	291	278	285	282	285	278	278	291	276	283	276	298	281	297	276	279	285	292	293	277	283	306	275	277	290	280	279	281	318	281	279	277	285	280	281	279	279	278	291	280	278	292	282	278	300	280	286	280	285	277	277	289	278	278	287	286	279	287	292	284	280	289	284	288	279	281	291	276	279	284	277	286	277	277	280	287	296	274	292	275	280	281	281	293	282	282	280	281	289	280	291	281	295	279	288	278	287	278	281	284	280	288	279	285	291	284	290	278	287	279	280	283	281	288	284	277	282	284	279	277	281	277	284	287	277	281	282	282	284	281	292	282	278	283	277	281	279	281	282	284	279	280	277	285	285	280	288	281	284	283	277	285	275	281	281	278	280	278	281	276	287	281	276	286	276	284	277	282	287	278	284	285	278	281	276	287	279	292	276	278	278	281	279	279	288	276	286	287	282	282	295	282	286	282	286	279	283	280	285	278	288	283	286	293	280	282	280	284	287	281	285	286	289	277	283	288	279	284	281	283	279	277	276	283	289	277	287	276	291	275	278	285	277	284	275	277	295	276	277	282	277	276	279	276	283	281	273	280	283	278	278	287	274	287	279	287	274	284	278	283	277	291	278	279	285	279	289	279	278	281	280	290	280	277	279	283	280	280	282	280	284	277	288	279	289	286	278	281	276	285	285	278	286	284	287	280	286	279	280	279	279	274	281	288	283	291	277	293	278	285	284	275	279	275	289	275	292	283	452	328	312	283	277	287	279	285	276	285	279	280	276	283	274	280	279	280	287	280	281	287	286	282	290	280	276	280	277	285	275	286	280	288	277	280	278	279	275	281	288	278	282	283	273	280	282	297	279	281	277	277	280
1000	2010	325	339	326	323	334	325	334	325	326	327	341	328	328	335	322	367	324	332	320	328	324	364	325	326	324	326	324	328	323	323	324	326	330	323	323	326	322	332	327	325	327	324	323	324	327	326	323	321	325	325	325	336	327	328	320	324	333	322	329	324	332	323	327	328	322	321	333	327	325	320	323	324	330	326	334	325	322	323	326	328	321	332	324	332	331	322	336	321	325	325	321	321	355	322	323	325	329	325	323	342	328	327	324	320	325	318	335	324	328	322	325	331	334	338	320	320	319	336	321	325	324	325	331	334	327	340	326	324	330	324	326	331	324	322	323	330	328	326	322	324	324	323	322	323	331	322	325	326	322	330	322	319	324	328	327	327	333	323	333	333	321	327	324	323	324	325	328	331	323	325	326	323	328	327	335	325	327	323	332	328	323	322	329	324	326	322	322	326	317	335	323	326	334	323	318	324	324	329	324	326	323	324	331	325	334	320	334	323	321	329	334	336	321	324	330	322	333	323	322	327	325	323	326	319	323	325	319	319	320	325	324	332	333	327	327	339	328	322	331	326	330	325	323	324	321	326	329	332	326	329	324	332	342	322	336	323	330	324	345	326	323	324	325	337	323	323	348	319	321	324	364	322	323	331	322	323	324	324	324	325	328	321	320	332	324	331	321	324	325	322	331	325	329	335	340	322	328	326	325	323	337	322	328	324	321	328	322	322	333	331	325	332	331	327	325	327	325	336	322	335	325	324	321	323	324	326	335	321	329	336	324	332	326	333	325	327	325	322	331	324	322	317	349	324	319	317	326	320	322	326	322	324	320	338	324	320	325	321	327	327	329	327	326	324	331	328	323	323	324	324	331	327	337	324	320	325	339	321	324	341	323	326	323	324	323	324	327	333	335	327	327	326	322	322	339	324	334	325	324	341	327	322	323	325	323	360	321	320	332	323	321	331	319	326	325	322	328	326	323	329	323	322	324	322	331	322	339	328	328	329	323	323	330	327	329	322	331	324	323	329	326	323	324	330	324	327	330	323	363	335	323	325	335	343	331	337	321	325	334	322	324	323	334	322	323	353	326	322	329	321	321	327	353	321	322	336	320	325	329	320	320	326	323	323	321	317	323	334	325	323	328	322	323	324	322	334	323	323	335	323
1000	2510	408	421	411	417	408	413	412	408	408	407	408	404	414	402	404	403	402	406	401	411	400	405	410	405	409	399	407	407	407	417	411	417	409	410	421	414	414	423	403	407	399	407	402	403	407	408	410	411	398	405	406	417	410	418	404	406	405	404	395	416	403	414	430	414	416	403	402	405	407	404	405	404	401	409	422	417	404	403	416	407	410	402	419	406	409	408	428	403	404	404	404	441	404	406	415	408	410	407	406	413	410	408	415	408	402	407	400	405	402	409	407	405	403	401	400	422	402	430	407	400	398	404	410	409	412	402	406	409	407	414	410	408	402	410	403	405	407	406	405	423	400	418	401	404	405	405	408	407	411	404	410	401	406	415	403	422	414	401	400	408	401	406	413	403	403	403	417	411	408	409	399	410	401	406	402	404	406	407	403	409	406	402	398	413	406	401	405	417	397	418	403	411	409	417	408	413	404	419	409	404	417	404	419	406	410	440	407	406	435	409	411	424	432	405	407	411	406	411	419	399	402	412	409	404	410	397	406	426	399	400	406	401	408	409	403	409	406	425	409	399	398	410	398	406	401	406	405	406	401	408	409	409	409	408	409	403	404	407	423	411	406	404	405	404	415	404	414	405	407	409	406	404	423	414	404	416	410	404	405	405	409	402	404	400	402	417	413	399	405	404	397	405	398	404	401	408	403	404	404	410	404	424	405	404	402	411	412	404	403	408	416	404	408	403	403	405	403	400	408	412	406	423	407	404	397	408	420	421	401	410	410	405	412	400	409	420	400	405	424	415	412	404	415	401	413	408	404	400	407	404	410	411	416	412	411	405	417	412	405	411	404	406	412	402	414	407	415	409	408	397	404	424	411	408	408	408	404	404	398	406	406	396	397	419	408	412	405	406	406	407	400	405	397	405	401	405	411	406	414	405	404	410	400	416	405	403	416	404	403	402	409	404	406	416	406	408	403	408	404	409	400	405	396	405	397	413	405	401	402	396	415	404	408	416	405	403	430	422	418	407	414	407	421	409	402	413	407	416	405	402	430	403	408	407	407	398	430	414	402	414	397	406	408	416	412	410	412	407	410	407	411	407	407	409	422	410	412	409	406	412	403	404	403	404	396	405	403	401	406	404	400	417	406	407	404	398	412	406	408	398
1000	3010	509	507	510	495	504	511	504	505	501	511	501	495	505	497	507	500	502	500	500	527	502	518	506	500	525	502	513	497	502	510	501	503	490	510	507	506	492	502	498	502	495	504	491	516	501	485	518	504	522	513	519	504	518	504	516	511	507	516	503	504	541	504	506	518	502	505	537	500	502	516	504	498	525	508	504	504	498	501	511	499	500	514	496	498	500	501	505	500	510	497	505	501	501	494	497	500	513	492	502	489	503	486	518	505	502	507	504	494	517	501	501	502	505	501	501	490	502	499	495	498	504	511	501	496	502	492	510	496	514	500	508	507	492	501	501	487	497	509	500	489	506	504	497	501	497	503	488	509	501	510	499	518	505	503	500	504	511	501	504	538	501	504	499	503	508	505	502	505	507	502	504	518	504	500	500	508	495	507	492	521	504	519	505	495	508	485	515	504	506	508	523	504	498	511	491	509	497	505	487	502	505	493	514	505	506	506	501	497	536	500	532	483	498	543	501	501	503	502	498	547	499	497	527	512	501	514	500	512	533	496	500	515	486	499	523	502	503	500	500	527	503	529	505	506	505	504	517	503	516	509	509	495	503	512	504	505	491	509	497	501	500	503	492	499	488	518	503	505	501	508	513	508	503	512	507	495	508	486	510	504	487	496	513	503	502	502	488	505	495	518	504	513	504	514	501	513	505	504	530	498	519	500	505	569	505	506	538	509	500	532	494	511	510	487	501	515	511	504	510	502	507	515	501	522	500	502	494	504	497	503	507	506	504	502	507	503	509	503	491	502	494	506	504	522	502	506	488	504	508	499	500	499	501	508	511	510	503	502	503	521	507	514	502	494	506	485	501	490	509	506	493	513	486	503	517	497	503	500	489	502	491	507	488	505	500	514	503	514	508	506	499	506	515	503	506	503	507	537	506	509	491	508	524	500	502	509	514	500	497	493	500	494	504	494	508	491	504	485	501	508	487	518	505	518	496	498	492	499	497	502	500	506	506	504	506	504	508	506	510	491	506	490	501	491	504	502	504	503	493	509	508	506	505	505	504	517	498	499	493	502	526	507	509	499	508	505	491	505	504	508	522	504	514	501	507	502	529	503	503	498	503	501	487	498	500	490	502	505	511	515	509	523	508	508	495	504	496	502	496	506
1000	3510	600	615	607	583	619	600	602	599	606	599	612	601	605	571	619	612	603	602	573	601	610	602	609	605	614	606	619	602	607	587	606	604	608	622	614	614	605	605	589	608	584	607	586	603	591	601	574	617	608	606	603	602	619	602	606	599	607	617	583	622	582	602	613	604	606	602	617	605	604	602	583	605	594	615	606	589	606	579	585	609	618	594	612	582	611	606	580	590	617	603	592	616	605	585	602	586	605	584	597	609	577	607	608	589	617	604	600	603	588	606	595	609	640	612	608	609	602	617	601	625	606	608	595	603	621	617	612	587	605	626	619	603	591	607	602	608	612	601	611	608	608	583	611	581	603	588	604	580	605	589	627	602	608	604	591	615	610	603	608	594	606	588	605	580	602	609	598	605	603	579	600	597	616	600	577	614	604	604	604	596	618	610	604	601	603	623	605	611	598	607	615	606	604	595	610	641	605	629	611	617	603	604	605	602	604	593	602	621	603	637	611	610	591	619	580	630	605	621	621	617	605	610	585	607	594	611	602	604	593	607	595	610	588	619	601	599	612	581	597	602	583	609	611	607	591	615	612	594	603	581	626	617	609	615	588	612	604	601	591	601	599	605	581	615	605	595	605	574	606	625	611	613	607	588	603	592	606	608	618	616	600	606	605	602	650	626	607	591	600	621	590	616	609	605	601	602	605	614	620	617	580	609	587	609	586	603	587	605	586	600	619	607	605	600	623	599	625	608	610	583	625	587	614	583	610	581	629	612	619	603	598	601	633	588	637	608	615	605	610	597	620	602	615	605	627	625	606	605	603	620	609	614	598	606	643	611	620	612	621	610	607	623	610	611	601	604	624	612	619	602	613	609	604	604	610	608	602	622	604	623	600	608	593	615	586	612	584	606	588	609	580	626	603	613	595	584	599	602	610	605	580	611	579	629	598	615	614	611	606	610	604	623	606	607	586	609	623	611	610	609	603	610	615	590	611	592	610	583	602	584	618	629	609	603	593	608	601	598	605	606	595	610	606	580	579	588	603	611	619	605	591	605	593	622	603	637	606	608	585	625	624	611	624	605	609	608	604	627	607	614	636	606	614	597	606	613	613	607	588	605	597	605	609	604	618	602	613	610	614	588	606	596	610	616	609	603	609	609	608	599
1000	4010	730	686	736	715	714	722	695	715	687	713	666	723	723	685	715	715	681	724	729	714	694	710	698	731	673	729	714	719	719	694	724	736	716	710	688	709	720	728	693	738	712	689	711	687	719	664	714	715	684	719	712	689	706	717	720	683	715	713	671	718	715	703	733	720	704	722	692	731	723	720	719	714	718	684	727	727	713	710	729	720	723	719	727	710	742	728	722	725	719	726	712	725	684	738	703	736	685	731	699	717	694	713	674	728	720	707	712	714	705	726	720	703	712	689	712	697	731	720	706	714	744	720	726	716	710	720	682	716	712	705	715	697	723	726	710	724	739	714	729	722	720	708	722	670	730	679	724	722	723	717	702	714	679	701	725	673	695	719	709	702	715	729	709	721	716	701	715	698	709	686	723	718	722	714	735	713	733	697	715	688	717	694	716	710	716	720	720	690	722	678	733	714	686	718	715	704	716	706	712	746	711	725	673	713	683	717	681	718	680	728	716	718	716	694	726	720	717	712	731	721	743	745	722	717	713	726	717	721	691	712	713	718	734	724	747	720	724	682	721	695	715	693	714	700	712	695	732	685	730	713	696	714	669	696	726	719	715	722	706	721	684	711	721	685	741	718	735	715	703	715	709	714	762	717	714	666	714	670	740	684	733	691	724	737	713	724	688	723	679	718	736	673	712	717	713	691	742	723	719	717	710	713	707	714	734	709	717	678	710	743	715	729	673	710	689	713	716	716	729	714	710	717	716	719	724	735	718	678	742	681	719	680	724	680	738	707	713	718	682	731	712	685	708	735	730	699	719	686	714	689	716	696	714	719	685	719	715	706	734	715	725	735	715	727	725	719	679	719	679	740	713	716	710	741	718	718	673	741	687	712	702	731	684	711	673	734	721	708	723	678	735	714	679	723	718	723	698	715	686	716	681	722	730	712	711	693	719	715	685	722	732	717	702	713	674	701	731	686	703	737	713	684	720	682	718	715	721	714	708	724	738	681	719	692	738	719	721	733	707	719	685	721	712	714	762	718	726	725	714	718	707	718	687	725	680	706	723	676	712	715	674	706	712	712	686	717	684	712	716	703	714	720	723	714	712	743	675	725	686	713	704	718	714	716	713	730	719	709	704	717	684	738	714	707	733	717	714	713	711	723
1000	4510	838	844	863	836	844	847	891	838	843	799	841	795	841	803	841	804	864	781	848	840	817	844	777	831	849	771	809	840	844	808	846	842	821	846	800	844	770	842	845	801	843	843	796	854	837	828	849	801	838	792	845	777	854	841	815	856	839	846	844	835	850	852	848	863	840	861	791	843	775	840	795	843	790	861	842	847	847	814	860	842	834	865	836	841	909	845	848	818	850	785	840	790	840	861	844	850	824	841	790	837	842	798	838	839	777	797	827	832	848	791	840	846	805	857	824	851	777	860	846	813	840	778	821	853	771	808	835	869	855	820	865	851	838	830	828	845	851	840	847	837	871	870	842	790	850	799	844	804	853	799	852	782	835	845	827	836	849	815	855	842	842	831	830	844	785	851	844	812	838	810	847	799	846	777	844	839	811	846	762	825	864	840	823	851	794	844	812	869	799	848	784	833	848	805	851	860	821	862	839	827	843	820	845	765	834	848	774	822	853	848	808	847	800	837	777	841	834	831	847	843	819	847	796	840	786	852	837	791	854	836	812	840	798	835	780	833	833	809	844	838	820	858	777	826	845	845	825	850	799	854	847	801	841	770	830	839	760	808	835	848	797	849	846	821	839	783	839	833	855	842	840	841	860	853	859	840	867	767	844	780	838	778	838	775	853	842	841	851	783	867	840	789	845	834	816	852	804	887	867	848	830	805	868	837	881	846	844	840	850	839	875	849	856	794	845	824	838	812	855	816	855	804	850	777	856	845	822	845	776	802	863	841	824	865	795	845	858	826	846	776	815	849	838	810	848	765	821	862	847	818	837	798	860	849	823	837	782	846	840	848	839	811	838	775	846	836	829	841	844	838	838	831	884	861	851	778	843	810	840	795	841	783	857	859	836	847	841	856	846	840	836	828	835	848	844	866	836	843	804	832	793	835	771	840	850	847	837	818	836	798	833	842	804	852	837	781	785	825	842	840	790	817	842	846	806	846	834	854	839	818	833	857	856	845	840	854	770	837	793	848	781	843	773	857	840	824	850	801	854	843	811	844	841	827	838	787	843	842	784	825	854	790	793	820	833	831	782	801	826	837	766	802	824	838	855	848	784	840	854	769	850	836	805	844	853	851	830	839	864	856	848	767	849	784	833	794	852	775	847	846
1000	5010	967	970	871	953	985	965	956	973	911	986	973	988	976	964	985	962	984	959	979	955	980	942	969	935	997	860	972	979	904	973	972	902	961	985	972	938	994	982	935	983	893	982	962	959	977	910	987	974	1005	984	987	975	969	983	965	983	967	976	968	974	969	970	949	969	914	998	883	986	992	917	989	970	899	954	981	983	923	978	998	944	998	996	931	994	977	974	970	916	981	965	940	959	892	973	981	890	957	989	991	956	973	903	1001	988	1022	984	981	971	974	979	968	972	966	980	977	976	958	971	980	978	977	986	968	977	964	984	980	973	967	983	975	980	967	976	982	986	982	979	1014	982	1014	983	997	998	992	977	980	1019	995	983	990	979	1014	984	995	988	983	985	978	950	1004	978	973	975	989	985	980	974	977	993	975	976	973	970	985	977	971	967	979	979	1029	979	1021	968	977	974	998	977	984	981	1005	989	1002	979	984	993	989	979	970	976	986	979	1000	983	1017	977	1019	982	1012	983	992	973	991	970	1002	978	988	975	996	984	1016	989	971	985	978	893	997	977	996	979	998	983	994	966	995	966	990	969	969	971	997	983	985	970	987	976	991	977	985	973	989	980	995	980	999	970	1008	980	1032	996	981	981	987	975	997	972	984	979	995	977	997	979	993	973	988	976	996	968	999	982	1006	980	1009	968	995	994	990	996	984	895	999	984	990	975	982	972	989	976	977	967	975	978	975	978	982	987	975	980	989	974	990	983	990	984	994	976	992	972	1001	981	1004	965	1007	987	977	991	996	968	981	973	992	981	988	976	990	977	980	966	986	978	999	990	1001	967	996	967	1000	983	1000	991	984	986	977	906	984	973	976	977	989	976	985	967	992	976	987	969	983	985	982	972	974	975	977	981	1070	982	993	976	987	978	995	980	988	972	1016	988	995	979	984	961	998	981	974	976	978	1003	966	985	919	985	884	967	976	931	985	981	974	975	928	978	897	974	982	923	983	979	929	987	959	951	986	943	1111	880	988	972	905	973	980	930	981	978	933	966	879	967	976	876	945	974	978	925	991	971	935	977	896	984	968	939	981	896	980	980	988	976	966	987	949	976	962	975	947	974	916	987	881	955	974	913	972	983	884	935	976	973	929	985	971	924	973	969	921	962	991	948	986	892	1013	1008	990	982	1016	990	1023	984	1003	980	965	973
1000	5510	1112	1127	1078	1117	1016	1116	1118	1050	1141	1167	1104	1118	1017	1120	1109	1092	1127	1050	1115	989	1095	1113	1034	1114	1125	1023	1089	1114	1115	1037	1099	1121	1007	1082	1118	1112	961	1012	1041	1066	1075	1116	1118	1013	1116	1118	999	1085	1122	1069	1139	971	1102	1127	1003	1099	1129	1108	1071	1122	1001	1108	1132	1020	1095	1111	1126	1040	1082	1095	1114	977	1031	1074	1094	1107	1119	964	1069	1111	1116	1008	1085	1121	1062	1116	1116	1015	1101	1110	981	1065	1105	1123	981	1034	1093	1098	1119	996	1049	1103	1128	1112	1019	1093	1124	986	1067	1124	1120	1059	1164	1107	1080	1119	970	1069	1111	1118	1000	1042	1082	1093	1102	1121	1105	1060	1132	1128	1113	1126	1030	1115	983	1114	1111	1066	1119	982	1090	1141	1127	1040	1092	1117	993	1103	1127	1110	1034	1103	1118	1011	1099	1116	993	1089	1140	1131	1097	1122	1019	1109	987	1097	1114	1048	1111	1088	1063	1136	1111	1082	1133	1113	1067	1124	1110	1125	1129	1065	1116	1029	1122	1123	1091	1105	993	1084	1110	990	1063	1117	1112	1126	1000	1027	1041	1058	1049	1039	1015	1007	1118	1134	1110	983	1025	1109	1132	990	1115	1124	1062	1125	1027	1117	1070	1087	1115	1024	1106	1111	998	1079	1115	1115	1045	1099	1110	1024	1087	1110	1121	997	1098	1129	1023	1095	1122	1078	1116	1020	1133	1116	1111	1113	1039	1130	1145	1084	1125	1135	1053	1117	1113	970	1016	1046	1078	1083	1092	1114	1116	993	1061	1095	1110	1020	1103	1114	997	1083	1121	1121	1056	1123	991	1093	1122	992	1075	1137	1106	1063	1110	1005	1100	1132	1070	1120	993	1105	1118	1040	1096	1118	994	1043	1104	1128	1121	1039	1107	1113	1084	1120	1032	1128	1115	1118	1119	1081	1120	1010	1120	1122	1071	1126	1133	1084	1125	1040	1131	1083	1095	1123	1008	1099	1124	996	1056	1102	1155	1119	1087	1128	1128	1034	1109	988	1124	1117	1066	1131	987	1084	1113	973	1052	1103	1112	973	1044	1065	1085	1084	1093	1106	1125	1131	1065	1120	1137	1011	1092	1125	1019	1114	1117	1047	1112	1111	1020	1111	1130	995	1061	1111	1105	983	1030	1082	1097	1126	969	1026	1075	1109	1118	1051	1001	1054	1083	1078	1082	1095	1144	1117	1002	1090	1120	986	1124	1124	1091	1113	1031	1145	1004	1122	1107	1122	1119	1068	1123	1004	1113	1107	1058	1128	1112	1075	1115	1126	1058	1112	1112	985	1031	1087	1103	1124	956	1044	1089	1104	1111	978	1045	1085	1114	1117	975	1021	1054	1074	1099	1124	1120	1000	1115	1124	983	1083	1117	1026	1109	1108	1060	1121	992	1106	1142	1116	1091	1122	1025	1111	977	1095	1118	1025	1101	1125	989	1057	1103	1120	1111	1069	1150	1110	1039	1145	1024	1139	1111	1111	1110	1032	1141	1110	1113	1129	1069	1116	1035	1130
1000	6010	1281	1240	1276	1261	1211	1284	1254	1219	1259	1145	1259	1263	1185	1317	1257	1195	1277	1251	1153	1261	1260	1196	1310	1094	1215	1261	1125	1232	1281	1259	1195	1299	1265	1118	1228	1249	1256	1086	1171	1240	1275	1270	1166	1287	1212	1259	1256	1087	1225	1260	1259	1161	1261	1283	1157	1262	1261	1182	1268	1274	1198	1305	1271	1241	1257	1126	1265	1256	1225	1253	1121	1234	1260	1132	1223	1249	1073	1159	1220	1231	1257	1084	1171	1223	1252	1256	1074	1155	1201	1233	1244	1253	1260	1105	1232	1261	1076	1201	1272	1250	1190	1269	1098	1227	1280	1249	1213	1251	1103	1229	1255	1144	1252	1263	1167	1262	1265	1194	1296	1266	1256	1253	1155	1252	1263	1172	1309	1250	1184	1266	1257	1161	1235	1279	1171	1311	1256	1231	1267	1090	1225	1263	1081	1187	1234	1263	1274	1154	1267	1260	1165	1277	1258	1254	1276	1088	1198	1251	1255	1155	1232	1251	1277	1137	1178	1241	1234	1284	1253	1156	1259	1262	1167	1293	1085	1224	1255	1102	1224	1289	1265	1180	1271	1086	1260	1269	1099	1221	1271	1258	1163	1224	1263	1127	1230	1276	1126	1202	1234	1263	1121	1216	1283	1247	1156	1274	1271	1218	1257	1119	1259	1265	1160	1254	1264	1174	1237	1254	1120	1224	1259	1253	1110	1181	1259	1265	1068	1195	1280	1298	1256	1139	1226	1257	1111	1223	1279	1270	1208	1288	1255	1170	1244	1212	1265	1268	1096	1206	1259	1264	1098	1176	1214	1248	1281	1262	1132	1231	1259	1235	1253	1256	1221	1268	1125	1239	1260	1145	1234	1278	1100	1171	1240	1251	1264	1135	1214	1242	1261	1088	1161	1226	1253	1306	1278	1123	1242	1264	1089	1187	1259	1251	1158	1260	1249	1162	1239	1256	1113	1209	1256	1243	1097	1163	1226	1270	1066	1182	1235	1273	1257	1133	1216	1253	1106	1244	1279	1258	1182	1242	1251	1158	1264	1506	1183	1301	1248	1191	1245	1130	1249	1268	1188	1246	1262	1169	1262	1253	1125	1223	1265	1266	1112	1176	1253	1262	1141	1205	1293	1306	1263	1170	1232	1248	1105	1228	1269	1266	1175	1238	1251	1268	1123	1171	1229	1229	1251	1248	1271	1182	1236	1267	1109	1156	1188	1215	1245	1288	1268	1193	1247	1269	1229	1279	1102	1243	1274	1162	1253	1256	1184	1311	1262	1231	1278	1132	1243	1260	1170	1268	1261	1203	1251	1268	1120	1221	1266	1260	1131	1249	1262	1156	1253	1254	1162	1263	1259	1204	1305	1250	1204	1259	1122	1241	1257	1168	1253	1250	1148	1227	1272	1120	1204	1240	1252	1101	1175	1227	1243	1260	1107	1168	1229	1244	1257	1074	1155	1179	1242	1219	1228	1254	1266	1287	1127	1153	1171	1234	1204	1186	1191	1123	1134	1243	1260	1285	1254	1160	1235	1267	1144	1247	1255	1206	1279	1103	1246	1262	1136	1249	1254	1069	1164	1221	1249	1245	1104	1203	1242	1261	1086	1164	1216	1243	1295	1250	1108	1230	1250	1071
1000	6510	1357	1380	1438	1186	1430	1499	1512	1300	1381	1410	1472	1458	1456	1456	1430	1406	1498	1500	1508	1535	1511	1302	1479	1503	1523	1460	1532	1520	1408	1511	1516	1412	1483	1504	1327	1444	1482	1521	1513	1294	1371	1413	1410	1422	1414	1407	1352	1337	1477	1471	1474	1491	1530	1547	1361	1545	1524	1400	1486	1516	1389	1460	1528	1500	1401	1498	1521	1315	1437	1520	1512	1516	1287	1360	1366	1387	1400	1385	1377	1350	1504	1500	1495	1513	1294	1332	1502	1527	1329	1521	1521	1314	1468	1568	1513	1317	1380	1418	1454	1486	1457	1496	1512	1508	1374	1481	1512	1394	1502	1531	1334	1451	1517	1511	1345	1455	1508	1517	1347	1483	1541	1522	1351	1451	1518	1531	1380	1491	1539	1516	1355	1467	1499	1540	1367	1476	1516	1517	1364	1471	1492	1531	1378	1472	1531	1523	1379	1469	1497	1524	1393	1491	1534	1515	1403	1479	1509	1517	1369	1483	1519	1516	1348	1464	1493	1517	1375	1485	1531	1516	1385	1469	1503	1524	1397	1478	1548	1517	1400	1524	1513	1440	1509	1520	1405	1495	1517	1349	1451	1514	1513	1391	1517	1529	1526	1390	1489	1503	1531	1383	1482	1517	1514	1340	1428	1489	1510	1515	1368	1441	1517	1525	1304	1405	1431	1498	1465	1486	1510	1299	1439	1487	1631	1336	1477	1557	1525	1330	1386	1421	1468	1485	1486	1487	1527	1509	1392	1493	1516	1381	1496	1529	1326	1449	1504	1507	1325	1455	1510	1511	1354	1475	1514	1505	1346	1451	1496	1516	1366	1464	1530	1507	1340	1445	1491	1527	1357	1470	1529	1516	1372	1482	1499	1526	1391	1493	1520	1377	1505	1519	1314	1440	1484	1548	1510	1334	1410	1478	1496	1511	1335	1485	1543	1302	1492	1533	1520	1402	1487	1532	1351	1459	1518	1513	1384	1475	1518	1303	1418	1483	1510	1515	1328	1403	1393	1422	1424	1422	1424	1353	1317	1481	1470	1466	1479	1523	1505	1336	1494	1505	1354	1491	1522	1373	1483	1517	1350	1473	1512	1509	1374	1501	1514	1534	1368	1414	1464	1475	1472	1480	1535	1508	1360	1471	1568	1318	1502	1514	1531	1416	1486	1541	1525	1373	1469	1510	1484	1523	1521	1312	1464	1518	1514	1297	1395	1441	1475	1483	1504	1507	1314	1427	1583	1540	1414	1502	1519	1342	1430	1480	1477	1513	1377	1330	1381	1420	1434	1422	1383	1345	1330	1509	1524	1525	1517	1317	1392	1518	1513	1374	1506	1515	1393	1516	1515	1406	1521	1511	1412	1521	1517	1431	1592	1521	1446	1519	1271	1440	1546	1527	1328	1415	1462	1475	1524	1521	1336	1372	1394	1404	1417	1371	1335	1303	1493	1493	1498	1511	1518	1349	1482	1518	1289	1411	1479	1521	1516	1378	1479	1511	1303	1415	1487	1515	1513	1394	1503	1514	1367	1496	1521	1324	1445	1510	1513	1279	1356	1392	1436	1422	1473	1445	1388	1344	1531	1519	1340	1331	1404	1443	1469	1515	1508	1325	1501	1519	1371	1493	1513	1356
1000	7010	1640	1685	1676	1465	1644	1633	1666	1693	1410	1469	1515	1503	1505	1482	1436	1675	1624	1570	1557	1650	1634	1611	1635	1643	1687	1412	1532	1667	1672	1470	1632	1694	1679	1547	1637	1671	1688	1466	1592	1606	1646	1685	1504	1487	1568	1593	1641	1621	1649	1684	1714	1450	1511	1513	1520	1520	1472	1451	1664	1656	1649	1671	1718	1464	1649	1686	1597	1532	1635	1653	1679	1474	1569	1627	1640	1675	1660	1477	1580	1596	1641	1625	1614	1635	1652	1673	1474	1655	1715	1681	1546	1647	1683	1440	1557	1648	1648	1674	1693	1419	1505	1553	1603	1687	1614	1587	1534	1500	1438	1627	1624	1615	1647	1649	1682	1462	1614	1691	1684	1521	1645	1679	1461	1617	1650	1686	1468	1608	1633	1670	1695	1700	1444	1479	1480	1472	1443	1415	1647	1637	1655	1650	1665	1417	1537	1661	1680	1468	1642	1725	1680	1436	1543	1616	1647	1690	1680	1430	1479	1508	1545	1521	1479	1493	1726	1674	1409	1446	1605	1629	1669	1666	1429	1502	1542	1600	1598	1571	1540	1501	1447	1663	1658	1701	1683	1495	1602	1691	1677	1511	1647	1672	1480	1649	1744	1671	1448	1573	1621	1648	1693	1678	1431	1648	1685	1664	1511	1601	1671	1677	1702	1460	1562	1575	1556	1548	1537	1476	1617	1672	1679	1703	1671	1467	1553	1669	1677	1492	1623	1689	1422	1555	1637	1667	1672	1455	1614	1608	1621	1687	1674	1501	1627	1693	1690	1531	1617	1663	1672	1439	1513	1564	1617	1619	1608	1591	1541	1502	1474	1648	1627	1631	1642	1672	1684	1461	1617	1704	1676	1533	1646	1670	1499	1636	1668	1675	1464	1579	1670	1674	1706	1711	1469	1647	1684	1678	1543	1627	1657	1675	1459	1579	1624	1634	1709	1675	1510	1631	1686	1425	1556	1661	1679	1679	1460	1580	1587	1622	1611	1635	1682	1684	1459	1663	1717	1667	1553	1654	1696	1472	1633	1669	1693	1443	1557	1612	1634	1696	1677	1504	1622	1679	1418	1540	1642	1679	1675	1443	1549	1574	1617	1617	1615	1630	1630	1682	1680	1449	1682	1715	1671	1568	1650	1670	1525	1636	1663	1692	1478	1600	1634	1634	1713	1693	1513	1645	1677	1435	1567	1658	1675	1687	1463	1576	1605	1710	1620	1645	1688	1681	1464	1675	1670	1696	1517	1631	1663	1681	1482	1586	1623	1657	1643	1699	1677	1488	1623	1684	1406	1533	1637	1660	1675	1475	1593	1622	1648	1646	1696	1697	1485	1622	1717	1698	1567	1650	1667	1421	1546	1617	1650	1693	1664	1444	1662	1709	1680	1536	1641	1699	1478	1615	1734	1681	1452	1503	1582	1608	1616	1667	1669	1448	1576	1576	1617	1613	1643	1689	1452	1494	1557	1581	1569	1564	1555	1493	1455	1664	1693	1674	1701	1498	1596	1809	1691	1521	1643	1698	1420	1569	1624	1638	1680	1421	1513	1592	1614	1635	1633	1681	1669	1444	1567	1614	1717	1699	1691	1510	1652	1686	1466	1616	1638	1691	1692	1495	1516	1539	1535	1532
1000	7510	1648	1562	1832	1792	1805	1819	1880	1857	1661	1768	1961	1837	1608	1757	1821	1882	1846	1644	1788	1912	1866	1534	1651	1727	1749	1778	1751	1727	1689	1625	1566	1794	1774	1758	1855	1825	1890	1576	1749	1811	1857	1577	1717	1772	1808	1878	1848	1633	1764	1862	1843	1642	1755	1788	1830	1877	1848	1626	1762	1840	1857	1616	1785	1810	1860	1842	1624	1725	1756	1786	1836	1843	1579	1692	1777	1812	1849	1525	1603	1723	1690	1693	1685	1663	1626	1551	1804	1775	1784	1797	1866	1845	1620	1825	1813	1841	1607	1758	1794	1889	1853	1661	1775	1845	1954	1640	1801	1801	1805	1893	1843	1649	1781	1834	1843	1615	1761	1795	1819	1867	1842	1618	1759	1837	1838	1559	1672	1788	1807	1848	1845	1605	1797	1833	1848	1573	1684	1764	1786	1853	1852	1619	1837	1796	1842	1544	1645	1698	1749	1767	1861	1841	1701	1622	1581	1821	1821	1848	1853	1526	1661	1806	1839	1863	1653	1727	1768	1800	1793	1802	1830	1829	1611	1784	1828	1846	1576	1686	1781	1788	1839	1854	1607	1746	1790	1809	1856	1849	1568	1702	1806	1862	1834	1572	1661	1742	1789	1777	1785	1783	1838	1871	1887	1687	1782	1826	1848	1855	1624	1654	1672	1668	1652	1607	1564	1855	1863	1859	1571	1669	1806	1857	1849	1607	1766	1806	1857	1559	1626	1692	1736	1783	1759	1745	1690	1632	1581	1805	1795	1821	1867	1874	1668	1781	1842	1842	1588	1748	1814	1839	1575	1686	1753	1794	1793	1847	1875	1611	1729	1798	1861	1837	1638	1770	1842	1841	1601	1750	1788	1818	1869	1872	1636	1770	1820	1854	1608	1745	1773	1794	1853	1840	1622	1751	1827	1842	1611	1611	1689	1737	1744	1752	1717	1677	1608	1541	1806	1806	1837	1863	1845	1658	1783	1848	1852	1624	1772	1825	1830	1596	1713	1824	1859	1842	1652	1792	1847	1842	1639	1751	1811	1816	1863	1851	1634	1778	1819	1836	1610	1713	1784	1803	1826	1849	1639	1761	1817	1860	1759	1602	1707	1720	1748	1745	1701	1692	1598	1770	1798	1799	1834	1865	1849	1655	1772	1851	1855	1616	1759	1826	1874	1561	1701	1767	1818	1820	1855	1618	1571	1608	1602	1589	1778	1839	1847	1857	1845	1844	1528	1590	1646	1653	1628	1616	1597	1854	1855	1526	1544	1618	1862	1534	1554	1553	1602	1854	1834	1834	1528	1603	1770	1844	1840	1587	1697	1773	1789	1835	1834	1544	1689	1788	1851	1841	1570	1660	1741	1758	1765	1765	1785	1825	1839	1845	1670	1779	1816	1833	1849	1595	1642	1671	1673	1655	1623	1578	1843	1850	1841	1555	1643	1791	1845	1855	1613	1761	1817	1839	1603	1730	1771	1795	1839	1835	1611	1752	1818	1820	1695	1626	1673	1724	1751	1743	1704	1660	1585	1807	1795	1785	1816	1849	1833	1645	1784	1843	1885	1619	1762	1805	1847	1839	1635	1695	1733	1734	1724	1693	1635	1611	1832	1820	1846	1869	1837	1687	1762	1851	1838	1619
1000	8010	1927	1961	2024	2002	1725	1871	1930	1958	2021	1995	1734	1826	1918	1978	1976	2014	2039	1731	1827	1905	1962	1966	2000	2000	1740	1825	1926	1947	1982	2030	2003	1757	1847	1915	1937	1967	2016	1997	1733	1852	1927	1961	1978	2021	2012	1724	1824	1928	1964	1975	2009	2025	1737	1854	1906	1952	1969	2017	2008	1739	1828	1935	1935	1973	2029	2031	1740	1855	1919	1948	1965	2017	2002	1750	1829	1910	1935	1961	2019	2013	1751	1833	1914	1948	1969	2025	2007	1716	1827	1913	1953	1964	2019	2015	1728	1823	1907	1930	1960	2014	2030	1742	1831	1913	1933	1991	2011	2007	1734	1816	1924	1941	1974	2017	2006	1731	1812	1916	1939	1963	2021	2002	1743	1836	1924	1938	1981	2028	2018	1736	1835	1915	1952	1972	2022	2019	1732	1844	1913	1940	1964	2034	2001	1742	1824	1919	1942	1970	2014	1996	1738	1853	1918	1974	1973	2028	2006	1725	1819	1920	1947	2014	2011	1713	1859	1927	1935	1986	2004	2021	1744	1794	1884	1833	1824	1784	1718	1979	1923	1770	1966	1834	1703	1828	1753	2010	1984	2047	2005	1674	1787	1888	1947	2022	2015	1706	1814	1915	1980	2016	1644	1722	1788	1811	1830	1805	1749	1721	1979	1995	1972	2004	2043	1721	1876	1932	1954	2021	2012	1684	1797	1876	1918	1933	1959	2042	2006	1739	1859	1930	1979	2009	1666	1764	1848	1872	1872	1838	1801	1729	1933	1925	1842	1736	1951	1924	1863	1902	1919	1980	2012	1653	1783	1910	1930	1940	1964	2002	1993	1693	1823	1931	1985	2026	1642	1750	1807	1840	1840	1840	1783	1722	1867	1962	1923	1939	1944	2007	2014	1740	1842	1942	1986	2006	1672	1741	1814	1822	1830	1814	1767	1703	1977	1919	1826	1767	1954	1927	1911	1936	1959	2030	1996	1750	1832	1935	1986	2005	1727	1754	1838	1857	1849	1849	1795	1749	1675	1950	1934	1938	1973	2006	2009	1702	1812	1923	1979	2003	2029	1716	1777	1800	1823	1795	1758	1728	1988	1995	1978	2010	1651	1750	1887	1947	1962	2032	2002	1710	1833	1887	1945	1953	1986	1986	1691	1804	1907	1942	1966	1997	2007	1720	1814	1895	1955	1935	1971	2011	2023	1750	1806	1824	1847	1822	1775	1734	1771	1943	1924	1938	1947	2025	2010	1728	1860	1941	1993	2013	1667	1751	1843	1851	1860	1838	1786	1741	1677	1947	1932	1936	1963	2001	2019	1678	1810	1917	1972	2015	2021	1746	1777	1826	1818	1812	1753	1732	2006	2003	1989	2008	1712	1749	1917	1940	2004	2005	1685	1829	1924	1941	1940	1956	1998	2002	1689	1773	1866	1935	1934	1945	2011	1999	1711	1844	1915	1984	1999	1999	1725	1805	1882	1943	1939	1972	2050	2011	1752	1837	1905	1931	1919	1945	1960	2062	1996	1742	1896	1945	2007	2003	1704	1877	1925	1949	1984	2014	1839	1772	1796	1830	1835	1817	1800	1717	1940	1920	1853	1743	1954	1908	1839	1782	1710	1988	1988	2051	2016	1705	1829	1953
1000	8510	2137	2180	2217	2182	1855	1956	1912	1928	1899	1848	2151	2142	2173	2282	2183	1824	2092	1963	2025	2082	2111	2175	2197	2187	1845	1899	1898	1935	1849	1826	2170	2156	2149	2231	2200	1809	1886	1967	2020	2029	2003	1975	1894	2078	2115	2113	2109	2164	2203	2161	1841	1895	1969	2012	2051	1997	1969	1900	1860	2136	2109	2114	2130	2170	2181	2179	1834	1947	2000	2007	1987	1975	1903	1851	2121	2122	2126	2170	2188	1761	1864	1951	1992	2013	2014	1972	1900	1869	2140	2122	2116	2175	2193	1763	1869	1947	1989	2038	2009	1978	1918	1860	2150	2124	2132	2200	2180	1853	1860	1980	2052	2077	2107	2120	2151	2177	2185	1844	1905	1947	1989	1973	1928	1883	1825	2118	2113	2115	2170	2206	2186	1847	1896	1994	2045	2064	2033	1992	1929	1889	2166	2102	2121	2121	2173	2169	1771	1833	1947	1996	2014	2019	1998	1945	1870	2139	2122	2141	2184	2177	1762	1862	1943	1986	2018	2013	1995	1902	1858	2136	2132	2130	2168	2180	2034	1862	1968	2010	2035	2008	1959	1900	1868	2144	2120	2132	2182	2179	1802	1865	1941	1986	2008	1999	1960	1910	1864	2141	2129	2151	2172	2193	1908	1858	1955	1987	2024	2013	1971	1910	2064	2159	2133	2160	2188	2179	1766	1865	1931	1992	2010	1992	1954	1893	1858	2138	2112	2099	2143	2196	2059	1842	1926	1985	2006	1995	1953	1888	1857	2132	2120	2126	2168	2171	1769	1850	1956	1998	2010	1986	1965	1917	1865	2137	2134	2128	2178	2182	1816	1848	1930	1971	2085	2125	2403	1939	1885	2173	2231	2175	2232	2209	1797	1872	1965	2039	2038	2658	2182	2203	2710	2293	2299	2353	2509	2440	1983	1978	2219	2057	2210	2293	2057	1947	1846	2141	2115	2137	2182	2168	1879	1894	1942	1973	2050	1989	1956	1950	1867	2156	2178	2138	2173	2248	1797	1895	1989	1978	2075	2019	1997	1898	1851	2124	2130	2112	2176	2270	1896	1920	1938	1992	2022	1991	1967	1892	1837	2131	2119	2094	2150	2160	1787	1838	1947	1974	2005	1988	1954	1897	1853	2127	2118	2105	2157	2154	1743	1841	1920	1964	1993	1991	1953	1890	2033	2128	2108	2106	2151	2180	1810	1833	1925	1977	1991	1982	1947	1882	1830	2121	2103	2104	2147	2301	2270	2043	1941	2866	2335	2126	2191	2058	1979	2238	2321	2309	2307	2306	1923	1925	1958	2125	2294	2451	2223	2110	2032	2305	2344	2221	2232	2258	1826	1911	1976	1984	2018	1998	1953	1895	1847	2127	2121	2114	2197	2181	1801	1887	1941	1966	2014	1985	1951	1894	1837	2112	2109	2095	2163	2161	1760	1895	1949	1966	2015	2006	1963	1887	1842	2139	2117	2105	2187	2171	1749	2038	2052	2263	2454	2099	2063	2065	1954	2186	2357	2310	2822	2361	1852	1879	2066	2010	1996	1996	1959	1895	1848	2154	2198	2205	2180	2296	1929	1893	2317	2031	2646	2378	2249	2052	1916	2510	2232	2251	2188	2164	1831	1886	1954	2030
1000	9010	2349	2332	2163	2242	2613	2424	2731	2451	2533	2441	2551	2786	1944	1997	2121	2293	2266	2400	2493	2399	2321	2296	2322	2334	2354	2932	2757	2143	2187	2053	2195	2643	2421	2435	2514	2787	1965	1962	1924	2355	2289	2295	2342	2320	2329	2342	2380	2387	2351	2085	1915	1926	1958	1952	2296	2262	2273	2301	2320	2339	2369	2346	2381	1910	1921	1978	1915	2302	2323	2335	2369	2351	2355	1922	1896	1936	2326	2287	2230	2162	2176	2182	2251	2270	2277	2288	2319	2363	2347	2153	1931	1975	1993	2001	1967	2313	2345	2358	2385	2345	1893	1937	1933	1982	1934	2326	2365	2387	2353	2341	1882	1956	1914	2233	2291	2254	2280	2298	2304	2336	2347	2384	2377	2146	1956	2008	1909	1935	2293	2277	2277	2308	2305	2329	2360	2350	2353	1891	1917	1978	2015	2337	2433	2771	2723	2627	2513	2162	2128	1994	2400	2418	2347	2241	2232	2236	2281	2288	2325	2327	2360	2431	2379	2038	2088	2133	2135	2074	2036	2481	2479	2526	2481	2368	1928	1999	2036	2154	2074	2549	2406	2391	2381	2251	2277	2297	2328	2343	2359	2522	2497	2508	2204	2430	2456	2624	2390	2494	2341	2351	2376	2426	2408	2215	1985	2005	1968	2123	2450	2419	2457	2358	2350	2387	2395	2372	2354	1943	1982	2021	2003	2428	2576	2405	2434	2362	2173	2714	2249	2485	2428	2401	2342	2410	2416	2430	2492	2399	2381	2128	1914	1960	1950	1957	2408	2292	2353	2335	2359	2537	2543	3303	2555	2018	2091	2222	2018	2438	2390	2524	2390	2361	2459	2026	2534	2088	2470	2559	2420	2365	2438	2326	2518	2478	2282	2307	2332	2386	2349	1917	1945	1997	2013	2031	2016	2500	3265	2839	2576	2503	2123	1972	1979	2087	2221	2468	2554	2567	2442	2380	2045	2071	2153	2440	2377	2425	2548	2572	2676	3015	3115	2890	2945	2558	2261	2142	2807	2629	2567	2707	2633	2627	2495	2650	2143	2265	2082	2514	2370	2376	2353	2433	2410	2342	2364	2381	2420	2557	2568	2123	2201	2177	2143	2121	2987	2861	2606	2597	2943	2636	2527	2598	2582	2038	2213	2189	2013	2500	2488	2424	2492	2427	2614	2198	2207	2696	2542	2523	2442	2400	2287	2504	2401	2438	2466	2616	3200	2620	2632	2435	2217	2209	2231	2184	2345	2423	2551	2540	2580	2432	2014	1994	2031	2043	2122	2394	2449	3303	2658	2640	2187	2303	2158	2464	2706	2690	2683	2792	2610	2601	2659	2843	2676	2372	2149	2275	2171	2314	2502	2489	2473	2439	2465	2480	2507	2488	2481	1999	2052	2316	2262	2575	2462	2530	2490	2494	2530	2227	2137	2180	2171	2242	2707	2328	2358	2360	2388	2517	2561	2591	2138	2016	2221	2178	2154	2192	2423	2573	2516	2422	2387	2434	2741	2653	2087	1947	2124	2208	2185	2475	2563	2436	2442	2394	2085	1919	2021	2012	2050	2063	2404	2338	2395	2405	2353	2378	2441	2422	2507	2115	2176	2237	2468	2536	2419	2730	2597	2610	2567	2521
1000	9510	2411	2795	2799	2832	2703	2812	2863	2631	2611	2523	2535	2484	2601	2594	2550	2488	2466	2505	2567	2523	2523	2556	2575	2606	2553	2346	2100	2063	2072	2538	2522	2539	2506	2531	2525	2529	2533	2711	2519	2510	2522	2523	2553	2572	2808	2993	2626	2625	2747	2307	3034	2908	2537	2498	2451	2437	2456	2459	2488	2523	2521	2475	2498	2544	2521	2543	2551	2581	2554	2554	2203	2034	2058	2629	2496	2479	2446	2455	2519	2447	2458	2512	2439	2519	2532	2477	2472	2534	2512	2539	2522	2546	2579	2644	2459	2018	2100	2644	2503	2497	2542	2973	3452	2667	2476	2500	3332	3101	3157	2874	2980	2609	2641	2800	2595	2583	2642	2790	2359	3402	2884	2941	2599	2583	2491	2477	2536	2501	2479	2464	2486	2533	2484	2512	2524	2558	2557	2528	2551	2162	2065	2531	2490	2459	2462	2443	2448	2742	2741	2710	2693	2666	2657	2491	2495	2508	2533	2540	2537	2518	2430	2019	2064	2142	2516	2456	2439	2446	2466	2482	2454	2464	2466	2459	2476	2472	2487	2500	2531	2527	2553	2511	2518	2486	2182	2520	2547	2547	2544	2554	2524	2532	2548	2563	2563	2565	2552	2547	2559	2570	2541	2543	2415	2469	2547	2496	2497	2513	2481	2461	2456	2465	2453	2464	2458	2502	2697	2643	2539	2552	2575	2586	2599	2587	2380	2053	2082	2433	2551	2526	2506	2521	2516	2506	2522	2513	2506	2519	2520	2526	2530	2558	2567	2589	2576	2575	2464	2030	2070	2316	2539	2488	2477	2499	2481	2517	2492	2501	2485	2530	2538	2534	2522	2537	2564	2577	2599	2558	2573	2495	2091	2563	2528	2477	2479	2469	2479	2480	2502	2499	2504	2493	2520	2514	2522	2547	2568	2574	2581	2558	2573	2429	2077	2083	2558	2551	2514	2504	2515	2519	2503	2499	2493	2481	2498	2497	2496	2496	2497	2536	2523	2542	2588	2586	2583	2571	2492	2017	2077	2208	2517	2514	2477	2492	2506	2505	2522	2525	2526	2527	2523	2527	2543	2564	2595	2605	2629	2560	2742	2480	2266	2268	2560	2519	2550	2506	2511	2487	2504	2479	2692	2568	2474	2459	2643	2471	2510	2658	3126	3114	2916	2921	2617	2598	2088	2081	2571	2526	2613	3590	2902	2500	2508	2555	3247	3165	2807	2534	2536	2543	2614	2742	2590	2621	2939	2664	3210	3195	2392	2735	2706	2682	3020	2851	2675	2632	2570	2643	2555	2507	2565	2499	2506	2578	2650	2794	2968	2884	2575	2278	2886	2824	2807	2800	2811	2876	2583	2572	2555	2566	2636	2874	2850	2871	2913	2811	2808	2797	2384	2282	2864	2804	2784	2765	2795	2764	2771	2773	2780	2781	2798	2798	2804	2840	2813	2807	2797	2806	2514	2822	2835	2829	2820	2828	2779	2837	2827	2823	2822	2816	2873	2837	2850	2812	2817	2798	2831	2782	2785	2789	2792	2753	2821	2780	2779	2768	2762	2747	2576	2577	2564	2603	2633	2581	2586	2494	2115	2579	2563	2531	2524	2499	2511	2502	2497	2520	2510	2504	2542	2550
1000	10010	2739	2707	2697	2702	2680	2697	2660	2656	2684	2670	2682	2656	2662	2656	2670	2656	2677	2705	2682	2702	2694	2724	2715	2708	2728	2728	2753	2752	2752	2757	2761	2754	2761	2747	2753	2739	2766	2759	2743	2765	2750	2741	2740	2779	2759	2772	2784	2775	2761	2773	2784	2784	2843	2834	2820	2850	2809	2828	2817	2815	2843	2832	2817	2832	2811	2817	2840	2848	2793	2835	2821	2815	2808	2798	2803	2810	2828	2799	2826	2804	2844	2915	2804	2824	2835	2797	2789	2787	3145	3172	3170	3123	2911	2937	3008	2901	2870	2894	2900	2921	2942	2928	2900	2867	2912	2884	2874	2885	2854	2857	2832	2817	2838	2798	2808	2785	2786	2791	2836	2792	2839	2841	2794	2793	2831	2838	2824	2859	2866	2880	2872	2860	2870	2877	2896	2889	2905	2917	2908	2953	2901	2913	2919	2911	2919	2920	2910	2915	2934	2916	2932	2953	2932	2901	2939	2892	2907	2937	2946	2896	2898	2907	2869	2902	2871	2868	2873	2879	2876	2866	2879	2888	2879	2870	2875	2902	2870	2892	2924	2921	2921	2886	2903	2866	2879	2863	2860	2836	2835	2834	2808	2822	2802	2791	2811	2779	2796	2813	2809	2806	2810	2819	2822	2837	2832	2857	2847	2852	2894	2920	2880	2893	2906	2907	2889	2926	2910	2905	2888	2911	2907	2929	2917	2945	2925	2920	2948	2909	2915	2912	2943	2932	2938	2910	2972	2913	2931	2914	2916	2938	2937	2901	2883	2898	2874	2886	2868	2850	2854	2872	2882	2905	2899	2903	2895	2911	2909	2922	2948	2900	2932	2914	2890	2844	2846	2832	2848	2843	2815	2787	2814	2803	2825	2846	2841	2824	2790	2812	2821	2800	2820	2833	2818	2846	2841	2846	2871	2866	2886	2875	2877	2901	2917	2877	2888	2906	2911	2907	2898	2899	2945	2904	2925	2932	2908	2923	2904	2965	2954	2981	2935	2906	2905	2902	2911	2916	2908	2932	2898	2901	2911	2892	2886	2898	2882	2907	2894	2883	2907	2934	2948	2932	2889	2884	2926	2883	2849	2840	2803	2793	2782	2775	2772	2773	2752	2770	2740	2748	2764	2750	2745	2796	2786	2764	2761	2767	2777	2792	2801	2797	2802	2818	2810	2823	2823	2840	2821	2861	2839	2856	2867	2873	2863	2877	2834	2859	2860	2850	2852	2890	2873	2864	2890	2883	2873	2917	2879	2895	2900	2897	2890	2923	2912	2953	2878	2891	2915	2934	2906	2927	2915	2935	2931	2969	2919	2892	2880	2906	2878	2888	2865	2890	2857	2877	2881	2881	2855	2883	2882	2888	2882	2893	2916	2906	2927	2925	2922	2907	2920	2969	2911	2930	2934	2885	2931	2884	2854	2846	2868	2864	2854	2891	2879	2876	2852	2867	2856	2869	2902	2897	2893	2937	2921	2926	2916	2886	2948	2894	2883	2859	2856	2824	2851	2822	2803	2820	2816	2785	2823	2798	2831	2805	2801	2789	2795	2839	2853	2846	2875	2852	2832	2877	2913	2868	2907	2875	2877	2866	2934	2917	2926	2934	2928	2927	2908	2924	2925	2936	2908	2938
